model,time,average_precision,ndcg-precision,rec-precision
RusBoost,24.775282859802246,0.05178494960949795,0.10016925847516185,0.0711728772885796
LR,4.772956371307373,0.15530483995478125,0.2669291447734496,0.24368426785680442
CatBoost,61.07551908493042,0.18694943785983695,0.30037153818006124,0.23319070670094802
